{"cameraMode":{"drawMode":0,"name":"Shaded","section":"Shading Mode"},"sceneLighting":false,"audioPlay":false,"sceneViewState":{"showFog":true,"showMaterialUpdate":false,"showSkybox":false,"showFlares":true,"showImageEffects":true,"showParticleSystems":true},"in2DMode":false,"pivot":{"x":0.034845709800720218,"y":0.6662085056304932,"z":-0.16495001316070558},"rotation":{"x":-0.44342994689941409,"y":0.15248633921146394,"z":-0.07684733718633652,"w":-0.8798936009407044},"size":4.421125888824463,"orthographic":false}