{"cameraMode":{"drawMode":0,"name":"Shaded","section":"Shading Mode"},"sceneLighting":false,"audioPlay":false,"sceneViewState":{"showFog":true,"showMaterialUpdate":false,"showSkybox":false,"showFlares":true,"showImageEffects":true,"showParticleSystems":true},"in2DMode":false,"pivot":{"x":0.034715861082077029,"y":1.0379811525344849,"z":-0.056748777627944949},"rotation":{"x":-0.43081921339035036,"y":-0.037345703691244128,"z":0.017847126349806787,"w":-0.9014889001846314},"size":5.087762355804443,"orthographic":false}