{"cameraMode":{"drawMode":0,"name":"Shaded","section":"Shading Mode"},"sceneLighting":false,"audioPlay":false,"sceneViewState":{"showFog":true,"showMaterialUpdate":false,"showSkybox":false,"showFlares":true,"showImageEffects":true,"showParticleSystems":true},"in2DMode":false,"pivot":{"x":0.03671586513519287,"y":1.0379811525344849,"z":-0.032748788595199588},"rotation":{"x":-0.6285953521728516,"y":0.009796218015253544,"z":-0.007919082418084145,"w":-0.7776312232017517},"size":5.124480724334717,"orthographic":false}