{"cameraMode":{"drawMode":0,"name":"Shaded","section":"Shading Mode"},"sceneLighting":true,"audioPlay":false,"sceneViewState":{"showFog":true,"showMaterialUpdate":false,"showSkybox":true,"showFlares":true,"showImageEffects":true,"showParticleSystems":true},"in2DMode":false,"pivot":{"x":108.91831970214844,"y":0.9461359977722168,"z":71.1262435913086},"rotation":{"x":-0.5091942548751831,"y":-0.012395113706588745,"z":0.007334149908274412,"w":-0.8605310320854187},"size":334.1285400390625,"orthographic":false}