{"cameraMode":{"drawMode":0,"name":"Shaded","section":"Shading Mode"},"sceneLighting":false,"audioPlay":false,"sceneViewState":{"showFog":true,"showMaterialUpdate":false,"showSkybox":false,"showFlares":true,"showImageEffects":true,"showParticleSystems":true},"in2DMode":false,"pivot":{"x":-0.1754719614982605,"y":0.7597184777259827,"z":-0.05765253305435181},"rotation":{"x":-0.44342994689941409,"y":0.15248633921146394,"z":-0.07684733718633652,"w":-0.8798936009407044},"size":5.121075630187988,"orthographic":false}