{"cameraMode":{"drawMode":0,"name":"Shaded","section":"Shading Mode"},"sceneLighting":true,"audioPlay":false,"sceneViewState":{"showFog":true,"showMaterialUpdate":false,"showSkybox":true,"showFlares":true,"showImageEffects":true,"showParticleSystems":true},"in2DMode":false,"pivot":{"x":26.131406784057618,"y":2.5310592651367189,"z":36.18437194824219},"rotation":{"x":0.575859010219574,"y":0.029668034985661508,"z":-0.020920412614941598,"w":0.816759467124939},"size":203.59263610839845,"orthographic":false}