{"cameraMode":{"drawMode":0,"name":"Shaded","section":"Shading Mode"},"sceneLighting":true,"audioPlay":false,"sceneViewState":{"showFog":true,"showMaterialUpdate":false,"showSkybox":true,"showFlares":true,"showImageEffects":true,"showParticleSystems":true},"in2DMode":false,"pivot":{"x":22.112945556640626,"y":43.06123352050781,"z":-5.599175930023193},"rotation":{"x":-0.5582084655761719,"y":0.06505319476127625,"z":-0.04396408051252365,"w":-0.8259774446487427},"size":0.2733355164527893,"orthographic":false}