{"cameraMode":{"drawMode":0,"name":"Shaded","section":"Shading Mode"},"sceneLighting":false,"audioPlay":false,"sceneViewState":{"showFog":true,"showMaterialUpdate":false,"showSkybox":false,"showFlares":true,"showImageEffects":true,"showParticleSystems":true},"in2DMode":false,"pivot":{"x":203.95436096191407,"y":158.31256103515626,"z":-114.86083221435547},"rotation":{"x":0.14029841125011445,"y":-0.1078847348690033,"z":0.015374479815363884,"w":0.9841069579124451},"size":1.1316592693328858,"orthographic":false}