{"cameraMode":{"drawMode":0,"name":"Shaded","section":"Shading Mode"},"sceneLighting":false,"audioPlay":false,"sceneViewState":{"showFog":true,"showMaterialUpdate":false,"showSkybox":false,"showFlares":true,"showImageEffects":true,"showParticleSystems":true},"in2DMode":false,"pivot":{"x":4.560673713684082,"y":1.7777442932128907,"z":3.695916175842285},"rotation":{"x":0.21636810898780824,"y":-0.012878506444394589,"z":0.0028495891019701959,"w":0.9762349724769592},"size":7.072348117828369,"orthographic":false}