{"cameraMode":{"drawMode":0,"name":"Shaded","section":"Shading Mode"},"sceneLighting":true,"audioPlay":false,"sceneViewState":{"showFog":true,"showMaterialUpdate":false,"showSkybox":true,"showFlares":true,"showImageEffects":true,"showParticleSystems":true},"in2DMode":false,"pivot":{"x":8.904086112976075,"y":4.823028564453125,"z":4.60843563079834},"rotation":{"x":-0.554169774055481,"y":0.009735705330967904,"z":-0.006482608616352081,"w":-0.8323236703872681},"size":37.83673095703125,"orthographic":false}