{"cameraMode":{"drawMode":0,"name":"Shaded","section":"Shading Mode"},"sceneLighting":false,"audioPlay":false,"sceneViewState":{"showFog":true,"showMaterialUpdate":false,"showSkybox":false,"showFlares":true,"showImageEffects":true,"showParticleSystems":true},"in2DMode":false,"pivot":{"x":7.358412265777588,"y":18.300888061523439,"z":5.437368392944336},"rotation":{"x":-0.22018544375896455,"y":0.0706339105963707,"z":-0.016051223501563073,"w":-0.9727809429168701},"size":41.629844665527347,"orthographic":false}