{"cameraMode":{"drawMode":0,"name":"Shaded","section":"Shading Mode"},"sceneLighting":false,"audioPlay":false,"sceneViewState":{"showFog":false,"showMaterialUpdate":false,"showSkybox":false,"showFlares":false,"showImageEffects":false,"showParticleSystems":false},"in2DMode":false,"pivot":{"x":-0.44103628396987917,"y":0.736024022102356,"z":0.5317796468734741},"rotation":{"x":-0.48248687386512759,"y":0.06897008419036865,"z":-0.0381462462246418,"w":-0.8723534941673279},"size":3.7133519649505617,"orthographic":false}