{"cameraMode":{"drawMode":0,"name":"Shaded","section":"Shading Mode"},"sceneLighting":true,"audioPlay":false,"sceneViewState":{"showFog":false,"showMaterialUpdate":false,"showSkybox":true,"showFlares":false,"showImageEffects":false,"showParticleSystems":false},"in2DMode":false,"pivot":{"x":49.85741424560547,"y":4.943134307861328,"z":21.29930877685547},"rotation":{"x":-0.45670196413993838,"y":-0.00880955159664154,"z":0.004522821865975857,"w":-0.8895645141601563},"size":134.63758850097657,"orthographic":false}