{"cameraMode":{"drawMode":0,"name":"Shaded","section":"Shading Mode"},"sceneLighting":false,"audioPlay":false,"sceneViewState":{"showFog":true,"showMaterialUpdate":false,"showSkybox":false,"showFlares":true,"showImageEffects":true,"showParticleSystems":true},"in2DMode":false,"pivot":{"x":0.039991460740566257,"y":0.6589550971984863,"z":-0.46432673931121828},"rotation":{"x":0.5611823201179504,"y":0.00012499812874011695,"z":-0.000011579450074350461,"w":0.8277133703231812},"size":3.2004201412200929,"orthographic":false}