{"cameraMode":{"drawMode":0,"name":"Shaded","section":"Shading Mode"},"sceneLighting":false,"audioPlay":false,"sceneViewState":{"showFog":false,"showMaterialUpdate":false,"showSkybox":false,"showFlares":false,"showImageEffects":false,"showParticleSystems":false},"in2DMode":false,"pivot":{"x":-0.004680544137954712,"y":0.3213120698928833,"z":-0.2391965389251709},"rotation":{"x":0.42572247982025149,"y":0.013740402646362782,"z":-0.006292048376053572,"w":0.9047518372535706},"size":2.31828236579895,"orthographic":false}