{"cameraMode":{"drawMode":0,"name":"Shaded","section":"Shading Mode"},"sceneLighting":false,"audioPlay":false,"sceneViewState":{"showFog":false,"showMaterialUpdate":false,"showSkybox":false,"showFlares":false,"showImageEffects":false,"showParticleSystems":false},"in2DMode":false,"pivot":{"x":0.049755990505218509,"y":0.7451490163803101,"z":-0.023728132247924806},"rotation":{"x":0.09279967844486237,"y":-0.902094841003418,"z":0.34391194581985476,"w":0.2436954379081726},"size":4.707252025604248,"orthographic":false}