{"cameraMode":{"drawMode":0,"name":"Shaded","section":"Shading Mode"},"sceneLighting":true,"audioPlay":false,"sceneViewState":{"showFog":false,"showMaterialUpdate":false,"showSkybox":true,"showFlares":false,"showImageEffects":false,"showParticleSystems":false},"in2DMode":false,"pivot":{"x":6.3446550369262699,"y":6.361514091491699,"z":3.465287685394287},"rotation":{"x":-0.34206485748291018,"y":-0.021705960854887964,"z":0.007903768680989743,"w":-0.9393953680992127},"size":48.78348159790039,"orthographic":false}