{"cameraMode":{"drawMode":0,"name":"Shaded","section":"Shading Mode"},"sceneLighting":false,"audioPlay":false,"sceneViewState":{"showFog":false,"showMaterialUpdate":false,"showSkybox":false,"showFlares":false,"showImageEffects":false,"showParticleSystems":false},"in2DMode":false,"pivot":{"x":-0.4094018042087555,"y":1.2301000356674195,"z":-0.21139538288116456},"rotation":{"x":0.4412411153316498,"y":0.4527501165866852,"z":-0.2757510840892792,"w":0.7241237759590149},"size":0.4536699056625366,"orthographic":false}