{"cameraMode":{"drawMode":0,"name":"Shaded","section":"Shading Mode"},"sceneLighting":false,"audioPlay":false,"sceneViewState":{"showFog":true,"showMaterialUpdate":false,"showSkybox":false,"showFlares":true,"showImageEffects":true,"showParticleSystems":true},"in2DMode":false,"pivot":{"x":-1.4355244636535645,"y":1.1902397871017457,"z":0.15187257528305055},"rotation":{"x":-0.22938990592956544,"y":0.6103259921073914,"z":-0.19082322716712953,"w":-0.7338069677352905},"size":2.6959328651428224,"orthographic":false}