{"cameraMode":{"drawMode":0,"name":"Shaded","section":"Shading Mode"},"sceneLighting":true,"audioPlay":false,"sceneViewState":{"showFog":false,"showMaterialUpdate":false,"showSkybox":true,"showFlares":false,"showImageEffects":false,"showParticleSystems":false},"in2DMode":false,"pivot":{"x":112.97634887695313,"y":38.06296920776367,"z":21.12786865234375},"rotation":{"x":0.35395780205726626,"y":-0.007019502110779285,"z":0.0026562525890767576,"w":0.9352321624755859},"size":198.54322814941407,"orthographic":false}