{"cameraMode":{"drawMode":0,"name":"Shaded","section":"Shading Mode"},"sceneLighting":true,"audioPlay":false,"sceneViewState":{"showFog":false,"showMaterialUpdate":false,"showSkybox":true,"showFlares":false,"showImageEffects":false,"showParticleSystems":false},"in2DMode":false,"pivot":{"x":65.30632781982422,"y":0.4608277678489685,"z":25.655685424804689},"rotation":{"x":0.7080578804016113,"y":-0.012912498787045479,"z":0.012951684184372425,"w":0.7059201002120972},"size":104.30992126464844,"orthographic":false}