{"cameraMode":{"drawMode":0,"name":"Shaded","section":"Shading Mode"},"sceneLighting":false,"audioPlay":false,"sceneViewState":{"showFog":true,"showMaterialUpdate":false,"showSkybox":false,"showFlares":true,"showImageEffects":true,"showParticleSystems":true},"in2DMode":false,"pivot":{"x":-0.19074395298957826,"y":0.5351381301879883,"z":-7.926276206970215},"rotation":{"x":-0.17602236568927766,"y":-0.7657223343849182,"z":0.23559053242206574,"w":-0.5720027685165405},"size":2.5434701442718508,"orthographic":false}