{"cameraMode":{"drawMode":0,"name":"Shaded","section":"Shading Mode"},"sceneLighting":false,"audioPlay":false,"sceneViewState":{"showFog":true,"showMaterialUpdate":false,"showSkybox":false,"showFlares":true,"showImageEffects":true,"showParticleSystems":true},"in2DMode":false,"pivot":{"x":-0.16996954381465913,"y":-0.11101531982421875,"z":-5.636590003967285},"rotation":{"x":-0.31622135639190676,"y":0.02920059859752655,"z":-0.009770640172064305,"w":-0.948195219039917},"size":3.8246781826019289,"orthographic":false}