{"cameraMode":{"drawMode":0,"name":"Shaded","section":"Shading Mode"},"sceneLighting":false,"audioPlay":false,"sceneViewState":{"showFog":true,"showMaterialUpdate":false,"showSkybox":false,"showFlares":true,"showImageEffects":true,"showParticleSystems":true},"in2DMode":false,"pivot":{"x":-0.42462158203125,"y":-0.6981911659240723,"z":-6.289520740509033},"rotation":{"x":-0.14823751151561738,"y":-0.6251969933509827,"z":0.12248600274324417,"w":-0.7564126253128052},"size":5.570611000061035,"orthographic":false}