{"cameraMode":{"drawMode":0,"name":"Shaded","section":"Shading Mode"},"sceneLighting":false,"audioPlay":false,"sceneViewState":{"showFog":false,"showMaterialUpdate":false,"showSkybox":false,"showFlares":false,"showImageEffects":false,"showParticleSystems":false},"in2DMode":false,"pivot":{"x":0.04975596070289612,"y":0.7451490163803101,"z":-0.023728132247924806},"rotation":{"x":0.5451502203941345,"y":0.10466203093528748,"z":-0.06868710368871689,"w":0.8289690017700195},"size":4.707252025604248,"orthographic":false}