{"cameraMode":{"drawMode":0,"name":"Shaded","section":"Shading Mode"},"sceneLighting":false,"audioPlay":false,"sceneViewState":{"showFog":true,"showMaterialUpdate":false,"showSkybox":false,"showFlares":true,"showImageEffects":true,"showParticleSystems":true},"in2DMode":false,"pivot":{"x":-0.27202075719833376,"y":-1.2844706773757935,"z":-6.114745140075684},"rotation":{"x":0.0884120762348175,"y":-0.07750070840120316,"z":0.006970815360546112,"w":0.9930586814880371},"size":8.770734786987305,"orthographic":false}