{"cameraMode":{"drawMode":0,"name":"Shaded","section":"Shading Mode"},"sceneLighting":true,"audioPlay":false,"sceneViewState":{"showFog":false,"showMaterialUpdate":false,"showSkybox":true,"showFlares":false,"showImageEffects":false,"showParticleSystems":false},"in2DMode":false,"pivot":{"x":40.73878479003906,"y":-0.04868311062455177,"z":31.038328170776368},"rotation":{"x":0.7171529531478882,"y":0.010898776352405548,"z":-0.010902841575443745,"w":0.6967808604240418},"size":47.980735778808597,"orthographic":false}