{"cameraMode":{"drawMode":0,"name":"Shaded","section":"Shading Mode"},"sceneLighting":false,"audioPlay":false,"sceneViewState":{"showFog":false,"showMaterialUpdate":false,"showSkybox":false,"showFlares":false,"showImageEffects":false,"showParticleSystems":false},"in2DMode":false,"pivot":{"x":1.5395500659942628,"y":0.5946913361549377,"z":0.48873773217201235},"rotation":{"x":0.10330521315336228,"y":-0.4580240547657013,"z":0.05372904613614082,"w":0.8813178539276123},"size":3.760286569595337,"orthographic":false}