{"cameraMode":{"drawMode":0,"name":"Shaded","section":"Shading Mode"},"sceneLighting":false,"audioPlay":false,"sceneViewState":{"showFog":true,"showMaterialUpdate":false,"showSkybox":false,"showFlares":true,"showImageEffects":true,"showParticleSystems":true},"in2DMode":false,"pivot":{"x":5.239979267120361,"y":-11.642738342285157,"z":6.216893196105957},"rotation":{"x":-0.6448378562927246,"y":0.00045563868479803205,"z":-0.00038628524634987116,"w":-0.7643211483955383},"size":21.577648162841798,"orthographic":false}