{"cameraMode":{"drawMode":0,"name":"Shaded","section":"Shading Mode"},"sceneLighting":false,"audioPlay":false,"sceneViewState":{"showFog":true,"showMaterialUpdate":false,"showSkybox":false,"showFlares":true,"showImageEffects":true,"showParticleSystems":true},"in2DMode":false,"pivot":{"x":0.4432790279388428,"y":0.7732424139976502,"z":-7.593048572540283},"rotation":{"x":-0.005295647773891687,"y":-0.8042796850204468,"z":0.5942068099975586,"w":-0.00714506022632122},"size":3.3658125400543215,"orthographic":false}