{"cameraMode":{"drawMode":0,"name":"Shaded","section":"Shading Mode"},"sceneLighting":false,"audioPlay":false,"sceneViewState":{"showFog":true,"showMaterialUpdate":false,"showSkybox":false,"showFlares":true,"showImageEffects":true,"showParticleSystems":true},"in2DMode":false,"pivot":{"x":0.01480025053024292,"y":0.4864533841609955,"z":0.0051383376121521},"rotation":{"x":-0.1931266337633133,"y":0.6609428524971008,"z":-0.18187680840492249,"w":-0.7019925713539124},"size":4.058436393737793,"orthographic":false}