{"cameraMode":{"drawMode":0,"name":"Shaded","section":"Shading Mode"},"sceneLighting":false,"audioPlay":false,"sceneViewState":{"showFog":true,"showMaterialUpdate":false,"showSkybox":false,"showFlares":true,"showImageEffects":true,"showParticleSystems":true},"in2DMode":false,"pivot":{"x":0.8497486114501953,"y":1.8750686645507813,"z":-5.650788307189941},"rotation":{"x":-0.43130338191986086,"y":0.11653702706098557,"z":-0.05632087215781212,"w":-0.8928762078285217},"size":3.4669036865234377,"orthographic":false}