{"cameraMode":{"drawMode":0,"name":"Shaded","section":"Shading Mode"},"sceneLighting":true,"audioPlay":false,"sceneViewState":{"showFog":false,"showMaterialUpdate":false,"showSkybox":true,"showFlares":false,"showImageEffects":false,"showParticleSystems":false},"in2DMode":false,"pivot":{"x":80.12996673583985,"y":-0.20065951347351075,"z":35.61539840698242},"rotation":{"x":0.7171529531478882,"y":0.010898776352405548,"z":-0.010902841575443745,"w":0.6967808604240418},"size":112.330322265625,"orthographic":false}