{"cameraMode":{"drawMode":0,"name":"Shaded","section":"Shading Mode"},"sceneLighting":false,"audioPlay":false,"sceneViewState":{"showFog":false,"showMaterialUpdate":false,"showSkybox":false,"showFlares":false,"showImageEffects":false,"showParticleSystems":false},"in2DMode":false,"pivot":{"x":-0.018999993801116945,"y":0.599120020866394,"z":0.04311579465866089},"rotation":{"x":0.47926074266433718,"y":-0.001143922214396298,"z":0.0008013011538423598,"w":0.8776963353157044},"size":3.225712537765503,"orthographic":false}