{"cameraMode":{"drawMode":0,"name":"Shaded","section":"Shading Mode"},"sceneLighting":true,"audioPlay":false,"sceneViewState":{"showFog":false,"showMaterialUpdate":false,"showSkybox":true,"showFlares":false,"showImageEffects":false,"showParticleSystems":false},"in2DMode":false,"pivot":{"x":15.664129257202149,"y":1.0772209167480469,"z":-7.644218921661377},"rotation":{"x":0.7171529531478882,"y":0.010898776352405548,"z":-0.010902841575443745,"w":0.6967808604240418},"size":248.07911682128907,"orthographic":false}