{"cameraMode":{"drawMode":0,"name":"Shaded","section":"Shading Mode"},"sceneLighting":false,"audioPlay":false,"sceneViewState":{"showFog":true,"showMaterialUpdate":false,"showSkybox":false,"showFlares":true,"showImageEffects":true,"showParticleSystems":true},"in2DMode":false,"pivot":{"x":-1.2959661483764649,"y":0.007193565368652344,"z":-5.825372219085693},"rotation":{"x":-0.30314910411834719,"y":-0.6264323592185974,"z":0.28879114985466006,"w":-0.6574872732162476},"size":1.7508611679077149,"orthographic":false}