{"cameraMode":{"drawMode":0,"name":"Shaded","section":"Shading Mode"},"sceneLighting":false,"audioPlay":false,"sceneViewState":{"showFog":true,"showMaterialUpdate":false,"showSkybox":false,"showFlares":true,"showImageEffects":true,"showParticleSystems":true},"in2DMode":false,"pivot":{"x":-0.3691271245479584,"y":0.12825965881347657,"z":0.677764892578125},"rotation":{"x":-0.49798282980918887,"y":0.043567512184381488,"z":-0.02508966438472271,"w":-0.8657302260398865},"size":5.8669047355651859,"orthographic":false}