{"cameraMode":{"drawMode":0,"name":"Shaded","section":"Shading Mode"},"sceneLighting":false,"audioPlay":false,"sceneViewState":{"showFog":false,"showMaterialUpdate":false,"showSkybox":false,"showFlares":false,"showImageEffects":false,"showParticleSystems":false},"in2DMode":false,"pivot":{"x":-91.7750244140625,"y":243.69749450683595,"z":29.940000534057618},"rotation":{"x":0.670346736907959,"y":-0.006671047769486904,"z":0.0060262540355324749,"w":0.7419975399971008},"size":73.68905639648438,"orthographic":false}