{"cameraMode":{"drawMode":0,"name":"Shaded","section":"Shading Mode"},"sceneLighting":false,"audioPlay":false,"sceneViewState":{"showFog":false,"showMaterialUpdate":false,"showSkybox":false,"showFlares":false,"showImageEffects":false,"showParticleSystems":false},"in2DMode":false,"pivot":{"x":0.02249997854232788,"y":0.12700000405311585,"z":-0.07549998164176941},"rotation":{"x":0.47926074266433718,"y":-0.001143922214396298,"z":0.0008013011538423598,"w":0.8776963353157044},"size":2.621835231781006,"orthographic":false}