{"cameraMode":{"drawMode":0,"name":"Shaded","section":"Shading Mode"},"sceneLighting":true,"audioPlay":false,"sceneViewState":{"showFog":false,"showMaterialUpdate":false,"showSkybox":true,"showFlares":false,"showImageEffects":false,"showParticleSystems":false},"in2DMode":false,"pivot":{"x":5.982578277587891,"y":-13.824986457824707,"z":40.33130645751953},"rotation":{"x":-0.34206485748291018,"y":-0.021705960854887964,"z":0.007903768680989743,"w":-0.9393953680992127},"size":107.24800109863281,"orthographic":false}