{"cameraMode":{"drawMode":0,"name":"Shaded","section":"Shading Mode"},"sceneLighting":false,"audioPlay":false,"sceneViewState":{"showFog":true,"showMaterialUpdate":false,"showSkybox":false,"showFlares":true,"showImageEffects":true,"showParticleSystems":true},"in2DMode":false,"pivot":{"x":0.08031659573316574,"y":0.26365572214126589,"z":-6.08955717086792},"rotation":{"x":-0.4102764427661896,"y":0.07989136874675751,"z":-0.036136604845523837,"w":-0.907737672328949},"size":2.566903829574585,"orthographic":false}