{"cameraMode":{"drawMode":0,"name":"Shaded","section":"Shading Mode"},"sceneLighting":false,"audioPlay":false,"sceneViewState":{"showFog":true,"showMaterialUpdate":false,"showSkybox":false,"showFlares":true,"showImageEffects":true,"showParticleSystems":true},"in2DMode":false,"pivot":{"x":15.239763259887696,"y":-0.25386548042297366,"z":-8.779397964477539},"rotation":{"x":-0.33798444271087649,"y":0.0332014299929142,"z":-0.01195819303393364,"w":-0.9404914379119873},"size":1.3669040203094483,"orthographic":false}