{"cameraMode":{"drawMode":0,"name":"Shaded","section":"Shading Mode"},"sceneLighting":false,"audioPlay":false,"sceneViewState":{"showFog":true,"showMaterialUpdate":false,"showSkybox":false,"showFlares":true,"showImageEffects":true,"showParticleSystems":true},"in2DMode":false,"pivot":{"x":-0.1916852742433548,"y":-0.10396683216094971,"z":-0.2325998693704605},"rotation":{"x":-0.21386948227882386,"y":0.2970728576183319,"z":-0.06848601251840592,"w":-0.9280722737312317},"size":3.388972282409668,"orthographic":false}