{"cameraMode":{"drawMode":0,"name":"Shaded","section":"Shading Mode"},"sceneLighting":false,"audioPlay":false,"sceneViewState":{"showFog":false,"showMaterialUpdate":false,"showSkybox":false,"showFlares":false,"showImageEffects":false,"showParticleSystems":false},"in2DMode":false,"pivot":{"x":-0.32523298263549807,"y":1.391135811805725,"z":-0.09172192960977555},"rotation":{"x":0.30438870191574099,"y":-0.008111868053674698,"z":0.002815211657434702,"w":0.9525356888771057},"size":2.6627156734466554,"orthographic":false}