{"cameraMode":{"drawMode":0,"name":"Shaded","section":"Shading Mode"},"sceneLighting":false,"audioPlay":false,"sceneViewState":{"showFog":true,"showMaterialUpdate":false,"showSkybox":false,"showFlares":true,"showImageEffects":true,"showParticleSystems":true},"in2DMode":false,"pivot":{"x":-0.4469328224658966,"y":-0.7686842679977417,"z":-7.044497489929199},"rotation":{"x":-0.37834882736206057,"y":0.14287260174751283,"z":-0.05925619602203369,"w":-0.9126511216163635},"size":3.4669036865234377,"orthographic":false}