{"cameraMode":{"drawMode":0,"name":"Shaded","section":"Shading Mode"},"sceneLighting":false,"audioPlay":false,"sceneViewState":{"showFog":true,"showMaterialUpdate":false,"showSkybox":false,"showFlares":true,"showImageEffects":true,"showParticleSystems":true},"in2DMode":false,"pivot":{"x":0.0,"y":0.2822110950946808,"z":-2.9802322387695315e-8},"rotation":{"x":-0.7021787166595459,"y":-0.006926132366061211,"z":0.006795808207243681,"w":-0.7119349837303162},"size":2.3731181621551515,"orthographic":false}