{"cameraMode":{"drawMode":0,"name":"Shaded","section":"Shading Mode"},"sceneLighting":false,"audioPlay":false,"sceneViewState":{"showFog":false,"showMaterialUpdate":false,"showSkybox":false,"showFlares":false,"showImageEffects":false,"showParticleSystems":false},"in2DMode":false,"pivot":{"x":0.11455852538347244,"y":-0.36967629194259646,"z":0.5329228043556213},"rotation":{"x":-0.6040773987770081,"y":0.03177293762564659,"z":-0.024113919585943223,"w":-0.7959299087524414},"size":4.003939151763916,"orthographic":false}