{"cameraMode":{"drawMode":0,"name":"Shaded","section":"Shading Mode"},"sceneLighting":false,"audioPlay":false,"sceneViewState":{"showFog":false,"showMaterialUpdate":false,"showSkybox":false,"showFlares":false,"showImageEffects":false,"showParticleSystems":false},"in2DMode":false,"pivot":{"x":-0.10134285688400269,"y":0.7451490163803101,"z":0.08416780829429627},"rotation":{"x":0.5451502203941345,"y":0.10466203093528748,"z":-0.06868710368871689,"w":0.8289690017700195},"size":4.869472503662109,"orthographic":false}