{"cameraMode":{"drawMode":0,"name":"Shaded","section":"Shading Mode"},"sceneLighting":false,"audioPlay":false,"sceneViewState":{"showFog":false,"showMaterialUpdate":false,"showSkybox":false,"showFlares":false,"showImageEffects":false,"showParticleSystems":false},"in2DMode":false,"pivot":{"x":-0.023043394088745118,"y":0.5979582667350769,"z":-0.0006795227527618408},"rotation":{"x":-0.45845064520835879,"y":-0.3944133222103119,"z":0.2378288209438324,"w":-0.7601049542427063},"size":4.199084281921387,"orthographic":false}