{"cameraMode":{"drawMode":0,"name":"Shaded","section":"Shading Mode"},"sceneLighting":false,"audioPlay":false,"sceneViewState":{"showFog":true,"showMaterialUpdate":false,"showSkybox":false,"showFlares":true,"showImageEffects":true,"showParticleSystems":true},"in2DMode":false,"pivot":{"x":-0.023448020219802858,"y":0.4864533841609955,"z":0.0037495791912078859},"rotation":{"x":-0.4799562394618988,"y":0.5137495994567871,"z":-0.44385573267936709,"w":-0.555618405342102},"size":4.334876537322998,"orthographic":false}