{"cameraMode":{"drawMode":0,"name":"Shaded","section":"Shading Mode"},"sceneLighting":false,"audioPlay":false,"sceneViewState":{"showFog":true,"showMaterialUpdate":false,"showSkybox":false,"showFlares":true,"showImageEffects":true,"showParticleSystems":true},"in2DMode":false,"pivot":{"x":0.000007510185241699219,"y":-0.25,"z":-0.0016955137252807618},"rotation":{"x":-0.49939894676208498,"y":-0.0006244032992981374,"z":0.0003257821954321116,"w":-0.8663822412490845},"size":5.024678707122803,"orthographic":false}