{"cameraMode":{"drawMode":0,"name":"Shaded","section":"Shading Mode"},"sceneLighting":false,"audioPlay":false,"sceneViewState":{"showFog":true,"showMaterialUpdate":false,"showSkybox":false,"showFlares":true,"showImageEffects":true,"showParticleSystems":true},"in2DMode":false,"pivot":{"x":0.042250726372003558,"y":0.605050265789032,"z":-0.02301381155848503},"rotation":{"x":-0.43316954374313357,"y":-0.5327073931694031,"z":0.3679501712322235,"w":-0.627061128616333},"size":1.5948567390441895,"orthographic":false}