{"cameraMode":{"drawMode":0,"name":"Shaded","section":"Shading Mode"},"sceneLighting":true,"audioPlay":false,"sceneViewState":{"showFog":false,"showMaterialUpdate":false,"showSkybox":true,"showFlares":false,"showImageEffects":false,"showParticleSystems":false},"in2DMode":false,"pivot":{"x":76.35233306884766,"y":29.55116081237793,"z":38.451210021972659},"rotation":{"x":0.28918910026550295,"y":-0.530627429485321,"z":0.19920910894870759,"w":0.7714748978614807},"size":32.19853210449219,"orthographic":false}