{"cameraMode":{"drawMode":0,"name":"Shaded","section":"Shading Mode"},"sceneLighting":false,"audioPlay":false,"sceneViewState":{"showFog":false,"showMaterialUpdate":false,"showSkybox":false,"showFlares":false,"showImageEffects":false,"showParticleSystems":false},"in2DMode":false,"pivot":{"x":0.04975596070289612,"y":0.9848031401634216,"z":0.009330064058303833},"rotation":{"x":0.4837234914302826,"y":-0.029536264017224313,"z":0.016404803842306138,"w":0.8746070861816406},"size":5.1049485206604,"orthographic":false}