{"cameraMode":{"drawMode":0,"name":"Shaded","section":"Shading Mode"},"sceneLighting":false,"audioPlay":false,"sceneViewState":{"showFog":true,"showMaterialUpdate":false,"showSkybox":false,"showFlares":true,"showImageEffects":true,"showParticleSystems":true},"in2DMode":false,"pivot":{"x":-0.0722358226776123,"y":0.13944435119628907,"z":0.4234229326248169},"rotation":{"x":-0.45490360260009768,"y":-0.41512036323547366,"z":0.2530600130558014,"w":-0.7461256980895996},"size":2.667841672897339,"orthographic":false}