{"cameraMode":{"drawMode":0,"name":"Shaded","section":"Shading Mode"},"sceneLighting":false,"audioPlay":false,"sceneViewState":{"showFog":false,"showMaterialUpdate":false,"showSkybox":false,"showFlares":false,"showImageEffects":false,"showParticleSystems":false},"in2DMode":false,"pivot":{"x":-0.011500000953674317,"y":1.055981159210205,"z":-0.009999990463256836},"rotation":{"x":-0.22378836572170258,"y":-0.1283523142337799,"z":0.029675913974642755,"w":-0.9657250642776489},"size":5.083493232727051,"orthographic":false}