{"cameraMode":{"drawMode":0,"name":"Shaded","section":"Shading Mode"},"sceneLighting":false,"audioPlay":false,"sceneViewState":{"showFog":false,"showMaterialUpdate":false,"showSkybox":false,"showFlares":false,"showImageEffects":false,"showParticleSystems":false},"in2DMode":false,"pivot":{"x":-0.3181192874908447,"y":0.2652876377105713,"z":-0.8931012153625488},"rotation":{"x":0.30438870191574099,"y":-0.008111868053674698,"z":0.002815211657434702,"w":0.9525356888771057},"size":2.6627156734466554,"orthographic":false}