{"cameraMode":{"drawMode":0,"name":"Shaded","section":"Shading Mode"},"sceneLighting":false,"audioPlay":false,"sceneViewState":{"showFog":false,"showMaterialUpdate":false,"showSkybox":false,"showFlares":false,"showImageEffects":false,"showParticleSystems":false},"in2DMode":false,"pivot":{"x":0.9283413887023926,"y":-0.8755987286567688,"z":1.303981900215149},"rotation":{"x":-0.5074679851531982,"y":-0.2531830668449402,"z":0.15898309648036958,"w":-0.808148980140686},"size":6.179850101470947,"orthographic":false}