{"cameraMode":{"drawMode":0,"name":"Shaded","section":"Shading Mode"},"sceneLighting":false,"audioPlay":false,"sceneViewState":{"showFog":false,"showMaterialUpdate":false,"showSkybox":false,"showFlares":false,"showImageEffects":false,"showParticleSystems":false},"in2DMode":false,"pivot":{"x":-0.021280435845255853,"y":0.24316585063934327,"z":-0.6162904500961304},"rotation":{"x":-0.17379529774188996,"y":-0.8243885636329651,"z":0.34870579838752749,"w":-0.4106576144695282},"size":2.9749937057495119,"orthographic":false}