{"cameraMode":{"drawMode":0,"name":"Shaded","section":"Shading Mode"},"sceneLighting":false,"audioPlay":false,"sceneViewState":{"showFog":true,"showMaterialUpdate":false,"showSkybox":false,"showFlares":true,"showImageEffects":true,"showParticleSystems":true},"in2DMode":false,"pivot":{"x":15.827625274658204,"y":0.7488021850585938,"z":26.51980972290039},"rotation":{"x":-0.3421975374221802,"y":-0.3787822425365448,"z":0.1531851887702942,"w":-0.8461450338363648},"size":8.421554565429688,"orthographic":false}